<?xml version="1.0" encoding="UTF-8"?>
<beans xmlns="http://www.springframework.org/schema/beans"
       xmlns:xsi="http://www.w3.org/2001/XMLSchema-instance"
       xmlns:context="http://www.springframework.org/schema/context"
       xmlns:aop="http://www.springframework.org/schema/aop"
       xmlns:tx="http://www.springframework.org/schema/tx" xmlns:content="http://www.springframework.org/schema/context"
       xsi:schemaLocation="http://www.springframework.org/schema/beans
        http://www.springframework.org/schema/beans/spring-beans.xsd
        http://www.springframework.org/schema/context
        http://www.springframework.org/schema/context/spring-context.xsd
        http://www.springframework.org/schema/aop
        http://www.springframework.org/schema/aop/spring-aop.xsd
        http://www.springframework.org/schema/cache
        http://www.springframework.org/schema/cache/spring-cache.xsd
        http://www.springframework.org/schema/tx
        http://www.springframework.org/schema/tx/spring-tx.xsd">


        <!--    引入外部属性文件    -->
        <content:property-placeholder location="classpath:jdbc.properties" />

        <!--    配置DBCP连接池    -->
        <bean id="dataSource" class="org.apache.commons.dbcp.BasicDataSource">
                <property name="driverClassName" value="${jdbc.driverClass}" />
                <property name="url" value="${jdbc.url}" />
                <property name="username" value="${jdbc.username}" />
                <property name="password" value="${jdbc.password}" />
        </bean>

        <!--   配置会话工厂     -->
        <bean id="sessionFactory" class="org.mybatis.spring.SqlSessionFactoryBean">
                <property name="dataSource" ref="dataSource" />
                <property name="configLocation" value="classpath:SqlMapConfig.xml" />
        </bean>

        <!--   配置 DAO    -->
        <bean id="userDao" class="com.q.backoffice.dao.UserDaoImpl">
                <property name="sqlSessionFactory" ref="sessionFactory" />
        </bean>
</beans>

























