<?xml version="1.0" encoding="UTF-8" ?>
<!DOCTYPE configuration
        PUBLIC "-//mybatis.org//DTD Config 3.0//EN"
        "http://mybatis.org/dtd/mybatis-3-config.dtd">
<configuration>

    <typeAliases>
        <!--   指定包名，别名就是类名，第一个字母小写     -->
        <package name="com.q.backoffice.model"></package>
    </typeAliases>


    <!--  加载映射文件  -->
    <mappers>
        <!--  方式一： 通过 mapper 代理方式实现     -->
        <mapper resource="com/q/backoffice/sqlmap/User.xml"></mapper>

        <!--   方式二：通过类名，需要有个映射文件与之对应，佛则要在 UserMapper 文件中声明注解
            注解：
          -->
<!--        <mapper class="com.q.mybatis.mapper.UserMapper"></mapper>-->

        <!--   方式三：通过包名(只使用 mapper 代理) -->
<!--        <package name="com.q.mybatis.mapper"/>-->
    </mappers>

</configuration>


























