<?xml version="1.0" encoding="UTF-8" ?>
<!DOCTYPE configuration
        PUBLIC "-//mybatis.org//DTD Config 3.0//EN"
        "http://mybatis.org/dtd/mybatis-3-config.dtd">
<configuration>

    <typeAliases>
        <!--   指定包名，别名就是类名，首字母小写     -->
        <package name="com.q.backoffice.model"></package>
    </typeAliases>


    <!--  加载映射文件  -->
    <mappers>
        <mapper resource="com/q/backoffice/sqlmap/User.xml"></mapper>

        <!--  通过包名(只使用 mapper 代理) -->
        <package name="com.q.backoffice.mapper"/>
    </mappers>

</configuration>


























