<?xml version="1.0" encoding="UTF-8" ?>
<!DOCTYPE configuration
        PUBLIC "-//mybatis.org//DTD Config 3.0//EN"
        "http://mybatis.org/dtd/mybatis-3-config.dtd">
<configuration>

    <!--  从 db.properties 文件中获取连接数据库信息  -->
    <properties resource="db.properties" />

    <!--  配置别名 在 UserMapper.xml 文件中生效  -->
    <typeAliases>
        <!--   指定包名，别名就是类名，第一个字母小写     -->
        <package name="com.q.mybatis.model"></package>
    </typeAliases>

    <!-- 配置mybatis的环境信息 -->
    <environments default="development">
        <environment id="development">

            <!-- 配置JDBC事务控制，由mybatis进行管理 -->
            <transactionManager type="JDBC"></transactionManager>

            <!-- 配置数据源，采用dbcp连接池 -->
            <dataSource type="POOLED">
                <property name="driver" value="${driverClass}"/>
                <property name="url" value="${url}"/>
                <property name="username" value="${name}"/>
                <property name="password" value="${password}"/>
            </dataSource>
        </environment>
    </environments>


    <!--  加载映射文件  -->
    <mappers>

<!--  （DAO方式）：    <mapper resource="com/q/mybatis/sqlmap/User.xml"></mapper>-->

        <!--  方式一： 通过 mapper 代理方式实现     -->
        <mapper resource="com/q/mybatis/mapper/UserMapper.xml"></mapper>

        <!--   方式二：通过类名，需要有个映射文件与之对应，佛则要在 UserMapper 文件中声明注解
            注解：
          -->
<!--        <mapper class="com.q.mybatis.mapper.UserMapper"></mapper>-->

        <!--   方式三：通过包名 -->
<!--        <package name="com.q.mybatis.mapper"/>-->
    </mappers>

</configuration>


























