<?xml version="1.0" encoding="UTF-8" ?>
<!DOCTYPE mapper
        PUBLIC "-//mybatis.org//DTD Mapper 3.0//EN"
        "http://mybatis.org/dtd/mybatis-3-mapper.dtd">

<mapper namespace="user">
    <!--  映射文件  -->
    <!--  根据id查询  -->
    <select id="findUserById" parameterType="int" resultType="com.q.mybatis.model.User">
        select * from user where id = #{id}
    </select>


    <!--  插入数据
        这里的占位符中写 模型的属性
    -->
        <insert id="insertUser" parameterType="com.q.mybatis.model.User">
        insert into user (username, sex, birthday, address) value (#{username}, #{sex}, #{birthday}, #{address})
    </insert>


    <!--  删除数据
    -->
    <delete id="deleteUser" parameterType="com.q.mybatis.model.User">
        delete from user where id = #{id}
    </delete>


    <!--  更新数据
-->
    <update id="updateUser" parameterType="com.q.mybatis.model.User">
        update user set username = #{username} where id = #{id }
    </update>

    <!--  插入数据 后自动返回主键 id -->
    <insert id="insertUser1" parameterType="com.q.mybatis.model.User">
        <selectKey keyProperty="id" resultType="int" order="AFTER">
            select LAST_INSERT_ID()
        </selectKey>
        insert into user (username, sex, birthday, address) value (#{username}, #{sex}, #{birthday}, #{address})
    </insert>


</mapper>