<?xml version="1.0" encoding="UTF-8" ?>
<!DOCTYPE mapper
        PUBLIC "-//mybatis.org//DTD Mapper 3.0//EN"
        "http://mybatis.org/dtd/mybatis-3-mapper.dtd">
<mapper namespace="com.q.mybatis.mapper.UserMapper">

    <insert id="save" parameterType="user">
        insert into user(username, sex, birthday, address)
        values (#{username}, #{sex}, #{birthday}, #{address})
    </insert>

<!--
    namespace : 接口映射地址
    id : 方法名
    parameterType : 方法参数类型 (如果是一个类，可直接放上类的路径, 可在 SqlMapConfig.xml 文件中设置别名)
    resultType ： 模型地址 ( 可以在 SqlMapConfig.xml 文件中设置别名 )
 -->

<!--    <select id="getUserById" parameterType="int" resultType="user">-->
<!--        select * from user where id = #{id}-->
<!--    </select>-->


    <resultMap id="userResultMap" type="user">
        <id property="id" column="id_"></id>

        <result property="username" column="username_"></result>
        <result property="sex" column="sex_"></result>
        <result property="birthday" column="birthday_"></result>
        <result property="address" column="address_"></result>
    </resultMap>

    <select id="getUserById" parameterType="int" resultMap="userResultMap">
        select
            id id_, username username_, sex sex_, birthday birthday_ , address address_
        from user where id = #{id}
    </select>


    <!--  如果一个表中关联着其它表，就使用 resultMap  -->
<!--    <resultMap id="orderRslMap" type="orders">-->
<!--        &lt;!&ndash;  往 orders 的模型匹配数据  &ndash;&gt;-->
<!--        <id column="id" property="id"/>-->
<!--        <id column="note" property="note"/>-->
<!--        <id column="number" property="number"/>-->
<!--        <id column="createtime" property="createtime"/>-->

<!--        &lt;!&ndash;  往 orders 的 user 匹配数据  &ndash;&gt;-->
<!--        <association property="user" javaType="user">-->
<!--            <id column="user_id" property="id" />-->
<!--            <id column="username" property="username" />-->
<!--            <id column="address" property="address" />-->
<!--        </association>-->

<!--    </resultMap>-->
<!--    <select id="findOrderById" parameterType="int" resultType="orderRslMap">-->
<!--        select a.username, b.* from user a, orders b where a.id = b.id-->
<!--    </select>-->


<!-- 一对多匹配 -->
<!--<resultMap id="orderRslMap" type="orders">-->
<!--    &lt;!&ndash;  往 orders 的模型匹配数据  &ndash;&gt;-->
<!--    <id column="id" property="id"/>-->
<!--    <id column="note" property="note"/>-->
<!--    <id column="number" property="number"/>-->
<!--    <id column="createtime" property="createtime"/>-->

<!--    &lt;!&ndash;  往 orders 的 orderdetail 匹配数据  &ndash;&gt;-->

<!--    <collection property="orderDetails" ofType="orderDetail">-->
<!--        <id column="detail_id" property="id"/>-->
<!--        <id column="item_id" property="itemsId"/>-->
<!--        <id column="item_num" property="itemsNum"/>-->
<!--    </collection>-->

<!--</resultMap>-->



    <select id="findUserList" parameterType="com.q.mybatis.vo.UserQueryVO" resultType="user">

        select * from user
        <where>
            <if test="user.sex != null and user.sex != ''">
                sex = #{user.sex}
            </if>

            <if test="user.username != null and user.username != ''">
                and username like '%${user.username}%'
            </if>

        </where>
    </select>



</mapper>

















